{
  "metro_id": "Brussels",
  "test_rmse": 9.827884234187184,
  "test_r_squared": -0.05665954845024923,
  "train_rmse": 8.657391840288295,
  "train_r_squared": 0.07285757333155407,
  "residual_standard_error_default": 9.827884234187184,
  "standard_error_method": "Residual SD on held-out test split by day_of_week/hour_of_day; fallback to test RMSE.",
  "standard_error_by_hour_day": [
    {
      "day_of_week": 4,
      "hour_of_day": 12,
      "standard_error": 16.263455967290593,
      "n": 2
    },
    {
      "day_of_week": 7,
      "hour_of_day": 18,
      "standard_error": 11.013627921806693,
      "n": 5
    },
    {
      "day_of_week": 7,
      "hour_of_day": 19,
      "standard_error": 7.8041502999853805,
      "n": 7
    }
  ]
}